--------------------------------------------------------
--  Fichier créé - jeudi-juillet-18-2024   
--------------------------------------------------------
--------------------------------------------------------
--  DDL for Sequence AUTO_INCREMENT
--------------------------------------------------------

   CREATE SEQUENCE  "RICARDO"."AUTO_INCREMENT"  MINVALUE 1 MAXVALUE 9999999999999999999999999999 INCREMENT BY 1 START WITH 1 CACHE 20 NOORDER  NOCYCLE ;
--------------------------------------------------------
--  DDL for Table T_BILAN
--------------------------------------------------------

  CREATE TABLE "RICARDO"."T_BILAN" 
   (	"ID_BILAN" NUMBER, 
	"LIBELLE_BILAN" VARCHAR2(100 BYTE)
   ) SEGMENT CREATION IMMEDIATE 
  PCTFREE 10 PCTUSED 40 INITRANS 1 MAXTRANS 255 NOCOMPRESS LOGGING
  STORAGE(INITIAL 65536 NEXT 1048576 MINEXTENTS 1 MAXEXTENTS 2147483645
  PCTINCREASE 0 FREELISTS 1 FREELIST GROUPS 1 BUFFER_POOL DEFAULT FLASH_CACHE DEFAULT CELL_FLASH_CACHE DEFAULT)
  TABLESPACE "USERS" ;
--------------------------------------------------------
--  DDL for Table T_BILAN_RECOMMANDE
--------------------------------------------------------

  CREATE TABLE "RICARDO"."T_BILAN_RECOMMANDE" 
   (	"ID_BILAN_RECOMMANDE" NUMBER, 
	"ID_BILAN" NUMBER, 
	"ID_CONSULTATION" NUMBER
   ) SEGMENT CREATION IMMEDIATE 
  PCTFREE 10 PCTUSED 40 INITRANS 1 MAXTRANS 255 NOCOMPRESS LOGGING
  STORAGE(INITIAL 65536 NEXT 1048576 MINEXTENTS 1 MAXEXTENTS 2147483645
  PCTINCREASE 0 FREELISTS 1 FREELIST GROUPS 1 BUFFER_POOL DEFAULT FLASH_CACHE DEFAULT CELL_FLASH_CACHE DEFAULT)
  TABLESPACE "USERS" ;
--------------------------------------------------------
--  DDL for Table T_CONSULTATION
--------------------------------------------------------

  CREATE TABLE "RICARDO"."T_CONSULTATION" 
   (	"ID_CONSULTATION" NUMBER, 
	"MOTIF" VARCHAR2(100 BYTE), 
	"DATE_CONSULTATION" DATE, 
	"DIAGNOSTIQUE_MEDICAL" VARCHAR2(100 BYTE), 
	"POIDS" NUMBER, 
	"TAILLE" NUMBER, 
	"TEMPERATURE" NUMBER, 
	"FREQUENCE_CARDIAQUE" NUMBER, 
	"PRESSION_ARTERIELLE" NUMBER, 
	"RESULTAT_EXAMEN" VARCHAR2(100 BYTE), 
	"OBSERVATION" VARCHAR2(100 BYTE), 
	"ID_MEDECIN" NUMBER, 
	"ID_DOSSIER_MEDICAL" NUMBER
   ) SEGMENT CREATION IMMEDIATE 
  PCTFREE 10 PCTUSED 40 INITRANS 1 MAXTRANS 255 NOCOMPRESS LOGGING
  STORAGE(INITIAL 65536 NEXT 1048576 MINEXTENTS 1 MAXEXTENTS 2147483645
  PCTINCREASE 0 FREELISTS 1 FREELIST GROUPS 1 BUFFER_POOL DEFAULT FLASH_CACHE DEFAULT CELL_FLASH_CACHE DEFAULT)
  TABLESPACE "USERS" ;
--------------------------------------------------------
--  DDL for Table T_DOSSIER_MEDICAL
--------------------------------------------------------

  CREATE TABLE "RICARDO"."T_DOSSIER_MEDICAL" 
   (	"ID_DOSSIER_MEDICAL" NUMBER(*,0), 
	"ID_PATIENT" NUMBER
   ) SEGMENT CREATION IMMEDIATE 
  PCTFREE 10 PCTUSED 40 INITRANS 1 MAXTRANS 255 NOCOMPRESS LOGGING
  STORAGE(INITIAL 65536 NEXT 1048576 MINEXTENTS 1 MAXEXTENTS 2147483645
  PCTINCREASE 0 FREELISTS 1 FREELIST GROUPS 1 BUFFER_POOL DEFAULT FLASH_CACHE DEFAULT CELL_FLASH_CACHE DEFAULT)
  TABLESPACE "USERS" ;
--------------------------------------------------------
--  DDL for Table T_LOGIN
--------------------------------------------------------

  CREATE TABLE "RICARDO"."T_LOGIN" 
   (	"ID_LOGIN" NUMBER, 
	"USERNAME" VARCHAR2(50 BYTE), 
	"PASSWORD" VARCHAR2(50 BYTE), 
	"ID_PATIENT" NUMBER
   ) SEGMENT CREATION IMMEDIATE 
  PCTFREE 10 PCTUSED 40 INITRANS 1 MAXTRANS 255 NOCOMPRESS LOGGING
  STORAGE(INITIAL 65536 NEXT 1048576 MINEXTENTS 1 MAXEXTENTS 2147483645
  PCTINCREASE 0 FREELISTS 1 FREELIST GROUPS 1 BUFFER_POOL DEFAULT FLASH_CACHE DEFAULT CELL_FLASH_CACHE DEFAULT)
  TABLESPACE "USERS" ;
--------------------------------------------------------
--  DDL for Table T_LOGINN
--------------------------------------------------------

  CREATE TABLE "RICARDO"."T_LOGINN" 
   (	"ID_LOGIN" NUMBER, 
	"USERNAME" VARCHAR2(50 BYTE), 
	"PASSWORD" VARCHAR2(50 BYTE), 
	"ID_MEDECIN" NUMBER
   ) SEGMENT CREATION IMMEDIATE 
  PCTFREE 10 PCTUSED 40 INITRANS 1 MAXTRANS 255 NOCOMPRESS LOGGING
  STORAGE(INITIAL 65536 NEXT 1048576 MINEXTENTS 1 MAXEXTENTS 2147483645
  PCTINCREASE 0 FREELISTS 1 FREELIST GROUPS 1 BUFFER_POOL DEFAULT FLASH_CACHE DEFAULT CELL_FLASH_CACHE DEFAULT)
  TABLESPACE "USERS" ;
--------------------------------------------------------
--  DDL for Table T_MEDECIN
--------------------------------------------------------

  CREATE TABLE "RICARDO"."T_MEDECIN" 
   (	"ID_MEDECIN" NUMBER, 
	"NOM" VARCHAR2(50 BYTE), 
	"PRENOM" VARCHAR2(50 BYTE), 
	"EMAIL" VARCHAR2(100 BYTE), 
	"ADRESSE" VARCHAR2(200 BYTE), 
	"TEL" VARCHAR2(20 BYTE), 
	"ID_SPECIALITE" NUMBER
   ) SEGMENT CREATION IMMEDIATE 
  PCTFREE 10 PCTUSED 40 INITRANS 1 MAXTRANS 255 NOCOMPRESS LOGGING
  STORAGE(INITIAL 65536 NEXT 1048576 MINEXTENTS 1 MAXEXTENTS 2147483645
  PCTINCREASE 0 FREELISTS 1 FREELIST GROUPS 1 BUFFER_POOL DEFAULT FLASH_CACHE DEFAULT CELL_FLASH_CACHE DEFAULT)
  TABLESPACE "USERS" ;
--------------------------------------------------------
--  DDL for Table T_MEDICAMENT
--------------------------------------------------------

  CREATE TABLE "RICARDO"."T_MEDICAMENT" 
   (	"ID_MEDICAMENT" NUMBER, 
	"LIBELLE_MEDICAMENT" VARCHAR2(50 BYTE)
   ) SEGMENT CREATION IMMEDIATE 
  PCTFREE 10 PCTUSED 40 INITRANS 1 MAXTRANS 255 NOCOMPRESS LOGGING
  STORAGE(INITIAL 65536 NEXT 1048576 MINEXTENTS 1 MAXEXTENTS 2147483645
  PCTINCREASE 0 FREELISTS 1 FREELIST GROUPS 1 BUFFER_POOL DEFAULT FLASH_CACHE DEFAULT CELL_FLASH_CACHE DEFAULT)
  TABLESPACE "USERS" ;
--------------------------------------------------------
--  DDL for Table T_MEDICAMENT_RECOMMANDE
--------------------------------------------------------

  CREATE TABLE "RICARDO"."T_MEDICAMENT_RECOMMANDE" 
   (	"ID_MEDICAMENT_RECOMMANDE" NUMBER, 
	"ID_MEDICAMENT" NUMBER, 
	"ID_POSOLOGIE" NUMBER, 
	"ID_CONSULTATION" NUMBER
   ) SEGMENT CREATION IMMEDIATE 
  PCTFREE 10 PCTUSED 40 INITRANS 1 MAXTRANS 255 NOCOMPRESS LOGGING
  STORAGE(INITIAL 65536 NEXT 1048576 MINEXTENTS 1 MAXEXTENTS 2147483645
  PCTINCREASE 0 FREELISTS 1 FREELIST GROUPS 1 BUFFER_POOL DEFAULT FLASH_CACHE DEFAULT CELL_FLASH_CACHE DEFAULT)
  TABLESPACE "USERS" ;
--------------------------------------------------------
--  DDL for Table T_PATIENT
--------------------------------------------------------

  CREATE TABLE "RICARDO"."T_PATIENT" 
   (	"ID_PATIENT" NUMBER, 
	"NOM" VARCHAR2(100 BYTE), 
	"PRENOM" VARCHAR2(100 BYTE), 
	"EMAIL" VARCHAR2(100 BYTE), 
	"ADRESSE" VARCHAR2(200 BYTE), 
	"TEL" VARCHAR2(50 BYTE), 
	"DATENAISSANCE" DATE
   ) SEGMENT CREATION IMMEDIATE 
  PCTFREE 10 PCTUSED 40 INITRANS 1 MAXTRANS 255 NOCOMPRESS LOGGING
  STORAGE(INITIAL 65536 NEXT 1048576 MINEXTENTS 1 MAXEXTENTS 2147483645
  PCTINCREASE 0 FREELISTS 1 FREELIST GROUPS 1 BUFFER_POOL DEFAULT FLASH_CACHE DEFAULT CELL_FLASH_CACHE DEFAULT)
  TABLESPACE "USERS" ;
--------------------------------------------------------
--  DDL for Table T_POSOLOGIE
--------------------------------------------------------

  CREATE TABLE "RICARDO"."T_POSOLOGIE" 
   (	"ID_POSOLOGIE" NUMBER, 
	"POSOLOGIE" VARCHAR2(150 BYTE)
   ) SEGMENT CREATION IMMEDIATE 
  PCTFREE 10 PCTUSED 40 INITRANS 1 MAXTRANS 255 NOCOMPRESS LOGGING
  STORAGE(INITIAL 65536 NEXT 1048576 MINEXTENTS 1 MAXEXTENTS 2147483645
  PCTINCREASE 0 FREELISTS 1 FREELIST GROUPS 1 BUFFER_POOL DEFAULT FLASH_CACHE DEFAULT CELL_FLASH_CACHE DEFAULT)
  TABLESPACE "USERS" ;
--------------------------------------------------------
--  DDL for Table T_RDV
--------------------------------------------------------

  CREATE TABLE "RICARDO"."T_RDV" 
   (	"ID_RDV" NUMBER, 
	"DATERDV" TIMESTAMP (6), 
	"DESCRIPTIONRDV" VARCHAR2(100 BYTE), 
	"ID_MEDECIN" NUMBER, 
	"ID_PATIENT" NUMBER
   ) SEGMENT CREATION IMMEDIATE 
  PCTFREE 10 PCTUSED 40 INITRANS 1 MAXTRANS 255 NOCOMPRESS LOGGING
  STORAGE(INITIAL 65536 NEXT 1048576 MINEXTENTS 1 MAXEXTENTS 2147483645
  PCTINCREASE 0 FREELISTS 1 FREELIST GROUPS 1 BUFFER_POOL DEFAULT FLASH_CACHE DEFAULT CELL_FLASH_CACHE DEFAULT)
  TABLESPACE "USERS" ;
--------------------------------------------------------
--  DDL for Table T_SPECIALITE
--------------------------------------------------------

  CREATE TABLE "RICARDO"."T_SPECIALITE" 
   (	"ID_SPECIALITE" NUMBER, 
	"LIBELLE_SPECIALITE" VARCHAR2(50 BYTE)
   ) SEGMENT CREATION IMMEDIATE 
  PCTFREE 10 PCTUSED 40 INITRANS 1 MAXTRANS 255 NOCOMPRESS LOGGING
  STORAGE(INITIAL 65536 NEXT 1048576 MINEXTENTS 1 MAXEXTENTS 2147483645
  PCTINCREASE 0 FREELISTS 1 FREELIST GROUPS 1 BUFFER_POOL DEFAULT FLASH_CACHE DEFAULT CELL_FLASH_CACHE DEFAULT)
  TABLESPACE "USERS" ;
REM INSERTING into RICARDO.T_BILAN
SET DEFINE OFF;
Insert into RICARDO.T_BILAN (ID_BILAN,LIBELLE_BILAN) values ('1','Glycémie');
Insert into RICARDO.T_BILAN (ID_BILAN,LIBELLE_BILAN) values ('2','Urée');
Insert into RICARDO.T_BILAN (ID_BILAN,LIBELLE_BILAN) values ('3','Groupe sanguin');
Insert into RICARDO.T_BILAN (ID_BILAN,LIBELLE_BILAN) values ('4','Bilan rénal');
Insert into RICARDO.T_BILAN (ID_BILAN,LIBELLE_BILAN) values ('5','Bilan hormonal');
Insert into RICARDO.T_BILAN (ID_BILAN,LIBELLE_BILAN) values ('6','Bilan thyroïdien');
Insert into RICARDO.T_BILAN (ID_BILAN,LIBELLE_BILAN) values ('7','Bilan cardiaque');
Insert into RICARDO.T_BILAN (ID_BILAN,LIBELLE_BILAN) values ('8','Bilan diabétique');
Insert into RICARDO.T_BILAN (ID_BILAN,LIBELLE_BILAN) values ('9','Bilan préopératoire');
Insert into RICARDO.T_BILAN (ID_BILAN,LIBELLE_BILAN) values ('10','Bilan nutritionnel');
Insert into RICARDO.T_BILAN (ID_BILAN,LIBELLE_BILAN) values ('11','Bilan inflammatoire');
Insert into RICARDO.T_BILAN (ID_BILAN,LIBELLE_BILAN) values ('12','Bilan immunologique');
Insert into RICARDO.T_BILAN (ID_BILAN,LIBELLE_BILAN) values ('13','Bilan infectieux');
Insert into RICARDO.T_BILAN (ID_BILAN,LIBELLE_BILAN) values ('14','Bilan osseux');
Insert into RICARDO.T_BILAN (ID_BILAN,LIBELLE_BILAN) values ('15','Bilan gastro-intestinal');
Insert into RICARDO.T_BILAN (ID_BILAN,LIBELLE_BILAN) values ('16','Bilan pulmonaire');
Insert into RICARDO.T_BILAN (ID_BILAN,LIBELLE_BILAN) values ('17','Bilan allergologique');
Insert into RICARDO.T_BILAN (ID_BILAN,LIBELLE_BILAN) values ('18','Bilan endocrinien');
Insert into RICARDO.T_BILAN (ID_BILAN,LIBELLE_BILAN) values ('19','Bilan neurologique');
Insert into RICARDO.T_BILAN (ID_BILAN,LIBELLE_BILAN) values ('20','Bilan oncologique');
REM INSERTING into RICARDO.T_BILAN_RECOMMANDE
SET DEFINE OFF;
Insert into RICARDO.T_BILAN_RECOMMANDE (ID_BILAN_RECOMMANDE,ID_BILAN,ID_CONSULTATION) values ('1','3','1');
Insert into RICARDO.T_BILAN_RECOMMANDE (ID_BILAN_RECOMMANDE,ID_BILAN,ID_CONSULTATION) values ('2','7','1');
Insert into RICARDO.T_BILAN_RECOMMANDE (ID_BILAN_RECOMMANDE,ID_BILAN,ID_CONSULTATION) values ('3','3','2');
Insert into RICARDO.T_BILAN_RECOMMANDE (ID_BILAN_RECOMMANDE,ID_BILAN,ID_CONSULTATION) values ('4','14','2');
Insert into RICARDO.T_BILAN_RECOMMANDE (ID_BILAN_RECOMMANDE,ID_BILAN,ID_CONSULTATION) values ('5','3','3');
Insert into RICARDO.T_BILAN_RECOMMANDE (ID_BILAN_RECOMMANDE,ID_BILAN,ID_CONSULTATION) values ('6','8','3');
REM INSERTING into RICARDO.T_CONSULTATION
SET DEFINE OFF;
Insert into RICARDO.T_CONSULTATION (ID_CONSULTATION,MOTIF,DATE_CONSULTATION,DIAGNOSTIQUE_MEDICAL,POIDS,TAILLE,TEMPERATURE,FREQUENCE_CARDIAQUE,PRESSION_ARTERIELLE,RESULTAT_EXAMEN,OBSERVATION,ID_MEDECIN,ID_DOSSIER_MEDICAL) values ('1','Maux de tête',to_date('14/07/24','DD/MM/RR'),'fièvre, vaumissement jaune ...','45','11','25','5','7','positive au paludisme','manquement de sang','1','1');
Insert into RICARDO.T_CONSULTATION (ID_CONSULTATION,MOTIF,DATE_CONSULTATION,DIAGNOSTIQUE_MEDICAL,POIDS,TAILLE,TEMPERATURE,FREQUENCE_CARDIAQUE,PRESSION_ARTERIELLE,RESULTAT_EXAMEN,OBSERVATION,ID_MEDECIN,ID_DOSSIER_MEDICAL) values ('2','maux de tête',to_date('15/07/24','DD/MM/RR'),'manquement de sang','45','120','35','8','10','positif au sida','diminution de sang','1','3');
Insert into RICARDO.T_CONSULTATION (ID_CONSULTATION,MOTIF,DATE_CONSULTATION,DIAGNOSTIQUE_MEDICAL,POIDS,TAILLE,TEMPERATURE,FREQUENCE_CARDIAQUE,PRESSION_ARTERIELLE,RESULTAT_EXAMEN,OBSERVATION,ID_MEDECIN,ID_DOSSIER_MEDICAL) values ('3','maux de ventre',to_date('17/07/24','DD/MM/RR'),'diarrhée','45','120','35','7','4','Positif au paludisme','RAS','1','1');
REM INSERTING into RICARDO.T_DOSSIER_MEDICAL
SET DEFINE OFF;
Insert into RICARDO.T_DOSSIER_MEDICAL (ID_DOSSIER_MEDICAL,ID_PATIENT) values ('1','1');
Insert into RICARDO.T_DOSSIER_MEDICAL (ID_DOSSIER_MEDICAL,ID_PATIENT) values ('2','2');
Insert into RICARDO.T_DOSSIER_MEDICAL (ID_DOSSIER_MEDICAL,ID_PATIENT) values ('3','3');
Insert into RICARDO.T_DOSSIER_MEDICAL (ID_DOSSIER_MEDICAL,ID_PATIENT) values ('4','4');
REM INSERTING into RICARDO.T_LOGIN
SET DEFINE OFF;
Insert into RICARDO.T_LOGIN (ID_LOGIN,USERNAME,PASSWORD,ID_PATIENT) values (null,'peace','1234','1');
Insert into RICARDO.T_LOGIN (ID_LOGIN,USERNAME,PASSWORD,ID_PATIENT) values (null,'béni@2','béni@2','2');
Insert into RICARDO.T_LOGIN (ID_LOGIN,USERNAME,PASSWORD,ID_PATIENT) values (null,'Arney@3','Arney@3','3');
Insert into RICARDO.T_LOGIN (ID_LOGIN,USERNAME,PASSWORD,ID_PATIENT) values (null,'aimeron@4','aimeron@4','4');
REM INSERTING into RICARDO.T_LOGINN
SET DEFINE OFF;
Insert into RICARDO.T_LOGINN (ID_LOGIN,USERNAME,PASSWORD,ID_MEDECIN) values (null,'ricardo','ricardo','1');
Insert into RICARDO.T_LOGINN (ID_LOGIN,USERNAME,PASSWORD,ID_MEDECIN) values (null,'Nelle@2','Nelle@2','2');
Insert into RICARDO.T_LOGINN (ID_LOGIN,USERNAME,PASSWORD,ID_MEDECIN) values (null,'Vici@3','Vici@3','3');
REM INSERTING into RICARDO.T_MEDECIN
SET DEFINE OFF;
Insert into RICARDO.T_MEDECIN (ID_MEDECIN,NOM,PRENOM,EMAIL,ADRESSE,TEL,ID_SPECIALITE) values ('2','Nguitoukoulou','Nelle','nelle@gmail.com','chateau d eau','064635634','7');
Insert into RICARDO.T_MEDECIN (ID_MEDECIN,NOM,PRENOM,EMAIL,ADRESSE,TEL,ID_SPECIALITE) values ('1','Batoumeni','Wildnis','wildnis@gmail.com','153, rue lounianga météo','064795072','21');
Insert into RICARDO.T_MEDECIN (ID_MEDECIN,NOM,PRENOM,EMAIL,ADRESSE,TEL,ID_SPECIALITE) values ('3','Bakanga','Vici','vici@gmail.com','128, rue lounianga','064636181','20');
REM INSERTING into RICARDO.T_MEDICAMENT
SET DEFINE OFF;
Insert into RICARDO.T_MEDICAMENT (ID_MEDICAMENT,LIBELLE_MEDICAMENT) values ('1','Paracetamol');
Insert into RICARDO.T_MEDICAMENT (ID_MEDICAMENT,LIBELLE_MEDICAMENT) values ('2','Doliprane');
Insert into RICARDO.T_MEDICAMENT (ID_MEDICAMENT,LIBELLE_MEDICAMENT) values ('3','Amoxy');
REM INSERTING into RICARDO.T_MEDICAMENT_RECOMMANDE
SET DEFINE OFF;
Insert into RICARDO.T_MEDICAMENT_RECOMMANDE (ID_MEDICAMENT_RECOMMANDE,ID_MEDICAMENT,ID_POSOLOGIE,ID_CONSULTATION) values ('1','1','6','1');
Insert into RICARDO.T_MEDICAMENT_RECOMMANDE (ID_MEDICAMENT_RECOMMANDE,ID_MEDICAMENT,ID_POSOLOGIE,ID_CONSULTATION) values ('2','2','1','2');
Insert into RICARDO.T_MEDICAMENT_RECOMMANDE (ID_MEDICAMENT_RECOMMANDE,ID_MEDICAMENT,ID_POSOLOGIE,ID_CONSULTATION) values ('3','3','8','2');
Insert into RICARDO.T_MEDICAMENT_RECOMMANDE (ID_MEDICAMENT_RECOMMANDE,ID_MEDICAMENT,ID_POSOLOGIE,ID_CONSULTATION) values ('4','3','12','3');
REM INSERTING into RICARDO.T_PATIENT
SET DEFINE OFF;
Insert into RICARDO.T_PATIENT (ID_PATIENT,NOM,PRENOM,EMAIL,ADRESSE,TEL,DATENAISSANCE) values ('3','Bassinga','Arney','arney@gmail.com','158, rue lamy','054332435',to_date('02/06/03','DD/MM/RR'));
Insert into RICARDO.T_PATIENT (ID_PATIENT,NOM,PRENOM,EMAIL,ADRESSE,TEL,DATENAISSANCE) values ('1','Mbemba','Peace','peace@gmail.com','9, rue lamy','068873399',to_date('27/09/08','DD/MM/RR'));
Insert into RICARDO.T_PATIENT (ID_PATIENT,NOM,PRENOM,EMAIL,ADRESSE,TEL,DATENAISSANCE) values ('2','Bouini','beni','beni@gmail.com','kombe','064756354',to_date('04/04/02','DD/MM/RR'));
Insert into RICARDO.T_PATIENT (ID_PATIENT,NOM,PRENOM,EMAIL,ADRESSE,TEL,DATENAISSANCE) values ('4','Samba','aimeron','aimeron@gmail.com','Bacongo','065345543',to_date('06/05/00','DD/MM/RR'));
REM INSERTING into RICARDO.T_POSOLOGIE
SET DEFINE OFF;
Insert into RICARDO.T_POSOLOGIE (ID_POSOLOGIE,POSOLOGIE) values ('1','Prendre 2 comprimés toutes les 8 heures');
Insert into RICARDO.T_POSOLOGIE (ID_POSOLOGIE,POSOLOGIE) values ('2','Appliquer la pommade deux fois par jour');
Insert into RICARDO.T_POSOLOGIE (ID_POSOLOGIE,POSOLOGIE) values ('3','Prendre une cuillère à soupe avant chaque repas');
Insert into RICARDO.T_POSOLOGIE (ID_POSOLOGIE,POSOLOGIE) values ('4','Prendre 1 comprimé le matin à jeun');
Insert into RICARDO.T_POSOLOGIE (ID_POSOLOGIE,POSOLOGIE) values ('5','Injecter 5 ml toutes les 6 heures');
Insert into RICARDO.T_POSOLOGIE (ID_POSOLOGIE,POSOLOGIE) values ('6','Prendre 1 comprimé avant de dormir');
Insert into RICARDO.T_POSOLOGIE (ID_POSOLOGIE,POSOLOGIE) values ('7','Prendre 2 gouttes dans chaque œil matin et soir');
Insert into RICARDO.T_POSOLOGIE (ID_POSOLOGIE,POSOLOGIE) values ('8','Prendre 1 comprimé après chaque repas');
Insert into RICARDO.T_POSOLOGIE (ID_POSOLOGIE,POSOLOGIE) values ('9','Appliquer la crème sur la zone affectée 3 fois par jour');
Insert into RICARDO.T_POSOLOGIE (ID_POSOLOGIE,POSOLOGIE) values ('10','Prendre 10 ml de sirop matin et soir');
Insert into RICARDO.T_POSOLOGIE (ID_POSOLOGIE,POSOLOGIE) values ('11','Prendre 1 capsule toutes les 4 heures si nécessaire');
Insert into RICARDO.T_POSOLOGIE (ID_POSOLOGIE,POSOLOGIE) values ('12','Prendre 1 comprimé toutes les 12 heures');
Insert into RICARDO.T_POSOLOGIE (ID_POSOLOGIE,POSOLOGIE) values ('13','Appliquer le gel sur la peau avant de dormir');
Insert into RICARDO.T_POSOLOGIE (ID_POSOLOGIE,POSOLOGIE) values ('18','Prendre 2 comprimés avant de manger');
Insert into RICARDO.T_POSOLOGIE (ID_POSOLOGIE,POSOLOGIE) values ('19','Appliquer le patch sur la peau tous les 3 jours');
Insert into RICARDO.T_POSOLOGIE (ID_POSOLOGIE,POSOLOGIE) values ('20','Prendre 1 comprimé toutes les 6 heures en cas de douleur');
REM INSERTING into RICARDO.T_RDV
SET DEFINE OFF;
Insert into RICARDO.T_RDV (ID_RDV,DATERDV,DESCRIPTIONRDV,ID_MEDECIN,ID_PATIENT) values ('1',to_timestamp('18/07/24 12:00:00,000000000','DD/MM/RR HH24:MI:SSXFF'),'maux de tête','1','1');
Insert into RICARDO.T_RDV (ID_RDV,DATERDV,DESCRIPTIONRDV,ID_MEDECIN,ID_PATIENT) values ('2',to_timestamp('23/08/24 17:00:00,000000000','DD/MM/RR HH24:MI:SSXFF'),'je ne sais pas','1','3');
Insert into RICARDO.T_RDV (ID_RDV,DATERDV,DESCRIPTIONRDV,ID_MEDECIN,ID_PATIENT) values ('4',to_timestamp('18/07/24 13:00:00,000000000','DD/MM/RR HH24:MI:SSXFF'),'mal au ...','1','1');
Insert into RICARDO.T_RDV (ID_RDV,DATERDV,DESCRIPTIONRDV,ID_MEDECIN,ID_PATIENT) values ('5',to_timestamp('18/07/24 12:00:00,000000000','DD/MM/RR HH24:MI:SSXFF'),null,'2','1');
Insert into RICARDO.T_RDV (ID_RDV,DATERDV,DESCRIPTIONRDV,ID_MEDECIN,ID_PATIENT) values ('6',to_timestamp('18/07/24 11:00:00,000000000','DD/MM/RR HH24:MI:SSXFF'),'ok','1','1');
Insert into RICARDO.T_RDV (ID_RDV,DATERDV,DESCRIPTIONRDV,ID_MEDECIN,ID_PATIENT) values ('7',to_timestamp('18/07/24 12:00:00,000000000','DD/MM/RR HH24:MI:SSXFF'),'rien','1','1');
Insert into RICARDO.T_RDV (ID_RDV,DATERDV,DESCRIPTIONRDV,ID_MEDECIN,ID_PATIENT) values ('9',to_timestamp('23/08/24 12:00:00,000000000','DD/MM/RR HH24:MI:SSXFF'),null,'1','2');
Insert into RICARDO.T_RDV (ID_RDV,DATERDV,DESCRIPTIONRDV,ID_MEDECIN,ID_PATIENT) values ('8',to_timestamp('18/07/24 13:00:00,000000000','DD/MM/RR HH24:MI:SSXFF'),null,'2','3');
Insert into RICARDO.T_RDV (ID_RDV,DATERDV,DESCRIPTIONRDV,ID_MEDECIN,ID_PATIENT) values ('3',to_timestamp('17/07/24 08:00:00,000000000','DD/MM/RR HH24:MI:SSXFF'),'maux de tête terrible','1','3');
Insert into RICARDO.T_RDV (ID_RDV,DATERDV,DESCRIPTIONRDV,ID_MEDECIN,ID_PATIENT) values ('10',to_timestamp('23/08/24 15:00:00,000000000','DD/MM/RR HH24:MI:SSXFF'),null,'2','3');
REM INSERTING into RICARDO.T_SPECIALITE
SET DEFINE OFF;
Insert into RICARDO.T_SPECIALITE (ID_SPECIALITE,LIBELLE_SPECIALITE) values ('1','Cardiologie');
Insert into RICARDO.T_SPECIALITE (ID_SPECIALITE,LIBELLE_SPECIALITE) values ('2','Dermatologie');
Insert into RICARDO.T_SPECIALITE (ID_SPECIALITE,LIBELLE_SPECIALITE) values ('3','Gastroentérologie');
Insert into RICARDO.T_SPECIALITE (ID_SPECIALITE,LIBELLE_SPECIALITE) values ('4','Neurologie');
Insert into RICARDO.T_SPECIALITE (ID_SPECIALITE,LIBELLE_SPECIALITE) values ('5','Pédiatrie');
Insert into RICARDO.T_SPECIALITE (ID_SPECIALITE,LIBELLE_SPECIALITE) values ('6','Psychiatrie');
Insert into RICARDO.T_SPECIALITE (ID_SPECIALITE,LIBELLE_SPECIALITE) values ('7','Radiologie');
Insert into RICARDO.T_SPECIALITE (ID_SPECIALITE,LIBELLE_SPECIALITE) values ('8','Chirurgie générale');
Insert into RICARDO.T_SPECIALITE (ID_SPECIALITE,LIBELLE_SPECIALITE) values ('9','Gynécologie');
Insert into RICARDO.T_SPECIALITE (ID_SPECIALITE,LIBELLE_SPECIALITE) values ('10','Oncologie');
Insert into RICARDO.T_SPECIALITE (ID_SPECIALITE,LIBELLE_SPECIALITE) values ('11','Orthopédie');
Insert into RICARDO.T_SPECIALITE (ID_SPECIALITE,LIBELLE_SPECIALITE) values ('12','Oto-rhino-laryngologie');
Insert into RICARDO.T_SPECIALITE (ID_SPECIALITE,LIBELLE_SPECIALITE) values ('13','Ophtalmologie');
Insert into RICARDO.T_SPECIALITE (ID_SPECIALITE,LIBELLE_SPECIALITE) values ('14','Urologie');
Insert into RICARDO.T_SPECIALITE (ID_SPECIALITE,LIBELLE_SPECIALITE) values ('15','Médecine interne');
Insert into RICARDO.T_SPECIALITE (ID_SPECIALITE,LIBELLE_SPECIALITE) values ('16','Endocrinologie');
Insert into RICARDO.T_SPECIALITE (ID_SPECIALITE,LIBELLE_SPECIALITE) values ('17','Néphrologie');
Insert into RICARDO.T_SPECIALITE (ID_SPECIALITE,LIBELLE_SPECIALITE) values ('18','Hématologie');
Insert into RICARDO.T_SPECIALITE (ID_SPECIALITE,LIBELLE_SPECIALITE) values ('19','Rhumatologie');
Insert into RICARDO.T_SPECIALITE (ID_SPECIALITE,LIBELLE_SPECIALITE) values ('20','Dentiste');
Insert into RICARDO.T_SPECIALITE (ID_SPECIALITE,LIBELLE_SPECIALITE) values ('0','Médecine du sport');
Insert into RICARDO.T_SPECIALITE (ID_SPECIALITE,LIBELLE_SPECIALITE) values ('21','Sexologue');
--------------------------------------------------------
--  DDL for Index T_MEDICAMENT_PK
--------------------------------------------------------

  CREATE UNIQUE INDEX "RICARDO"."T_MEDICAMENT_PK" ON "RICARDO"."T_MEDICAMENT" ("ID_MEDICAMENT") 
  PCTFREE 10 INITRANS 2 MAXTRANS 255 COMPUTE STATISTICS 
  STORAGE(INITIAL 65536 NEXT 1048576 MINEXTENTS 1 MAXEXTENTS 2147483645
  PCTINCREASE 0 FREELISTS 1 FREELIST GROUPS 1 BUFFER_POOL DEFAULT FLASH_CACHE DEFAULT CELL_FLASH_CACHE DEFAULT)
  TABLESPACE "USERS" ;
--------------------------------------------------------
--  Constraints for Table T_BILAN
--------------------------------------------------------

  ALTER TABLE "RICARDO"."T_BILAN" ADD PRIMARY KEY ("ID_BILAN")
  USING INDEX PCTFREE 10 INITRANS 2 MAXTRANS 255 COMPUTE STATISTICS 
  STORAGE(INITIAL 65536 NEXT 1048576 MINEXTENTS 1 MAXEXTENTS 2147483645
  PCTINCREASE 0 FREELISTS 1 FREELIST GROUPS 1 BUFFER_POOL DEFAULT FLASH_CACHE DEFAULT CELL_FLASH_CACHE DEFAULT)
  TABLESPACE "USERS"  ENABLE;
--------------------------------------------------------
--  Constraints for Table T_MEDECIN
--------------------------------------------------------

  ALTER TABLE "RICARDO"."T_MEDECIN" MODIFY ("NOM" NOT NULL ENABLE);
 
  ALTER TABLE "RICARDO"."T_MEDECIN" MODIFY ("PRENOM" NOT NULL ENABLE);
 
  ALTER TABLE "RICARDO"."T_MEDECIN" ADD PRIMARY KEY ("ID_MEDECIN")
  USING INDEX PCTFREE 10 INITRANS 2 MAXTRANS 255 COMPUTE STATISTICS 
  STORAGE(INITIAL 65536 NEXT 1048576 MINEXTENTS 1 MAXEXTENTS 2147483645
  PCTINCREASE 0 FREELISTS 1 FREELIST GROUPS 1 BUFFER_POOL DEFAULT FLASH_CACHE DEFAULT CELL_FLASH_CACHE DEFAULT)
  TABLESPACE "USERS"  ENABLE;
--------------------------------------------------------
--  Constraints for Table T_PATIENT
--------------------------------------------------------

  ALTER TABLE "RICARDO"."T_PATIENT" MODIFY ("NOM" NOT NULL ENABLE);
 
  ALTER TABLE "RICARDO"."T_PATIENT" ADD PRIMARY KEY ("ID_PATIENT")
  USING INDEX PCTFREE 10 INITRANS 2 MAXTRANS 255 COMPUTE STATISTICS 
  STORAGE(INITIAL 65536 NEXT 1048576 MINEXTENTS 1 MAXEXTENTS 2147483645
  PCTINCREASE 0 FREELISTS 1 FREELIST GROUPS 1 BUFFER_POOL DEFAULT FLASH_CACHE DEFAULT CELL_FLASH_CACHE DEFAULT)
  TABLESPACE "USERS"  ENABLE;
--------------------------------------------------------
--  Constraints for Table T_POSOLOGIE
--------------------------------------------------------

  ALTER TABLE "RICARDO"."T_POSOLOGIE" ADD PRIMARY KEY ("ID_POSOLOGIE")
  USING INDEX PCTFREE 10 INITRANS 2 MAXTRANS 255 COMPUTE STATISTICS 
  STORAGE(INITIAL 65536 NEXT 1048576 MINEXTENTS 1 MAXEXTENTS 2147483645
  PCTINCREASE 0 FREELISTS 1 FREELIST GROUPS 1 BUFFER_POOL DEFAULT FLASH_CACHE DEFAULT CELL_FLASH_CACHE DEFAULT)
  TABLESPACE "USERS"  ENABLE;
--------------------------------------------------------
--  Constraints for Table T_MEDICAMENT_RECOMMANDE
--------------------------------------------------------

  ALTER TABLE "RICARDO"."T_MEDICAMENT_RECOMMANDE" ADD PRIMARY KEY ("ID_MEDICAMENT_RECOMMANDE")
  USING INDEX PCTFREE 10 INITRANS 2 MAXTRANS 255 COMPUTE STATISTICS 
  STORAGE(INITIAL 65536 NEXT 1048576 MINEXTENTS 1 MAXEXTENTS 2147483645
  PCTINCREASE 0 FREELISTS 1 FREELIST GROUPS 1 BUFFER_POOL DEFAULT FLASH_CACHE DEFAULT CELL_FLASH_CACHE DEFAULT)
  TABLESPACE "USERS"  ENABLE;
--------------------------------------------------------
--  Constraints for Table T_SPECIALITE
--------------------------------------------------------

  ALTER TABLE "RICARDO"."T_SPECIALITE" MODIFY ("ID_SPECIALITE" NOT NULL ENABLE);
 
  ALTER TABLE "RICARDO"."T_SPECIALITE" MODIFY ("LIBELLE_SPECIALITE" NOT NULL ENABLE);
 
  ALTER TABLE "RICARDO"."T_SPECIALITE" ADD PRIMARY KEY ("ID_SPECIALITE")
  USING INDEX PCTFREE 10 INITRANS 2 MAXTRANS 255 COMPUTE STATISTICS 
  STORAGE(INITIAL 65536 NEXT 1048576 MINEXTENTS 1 MAXEXTENTS 2147483645
  PCTINCREASE 0 FREELISTS 1 FREELIST GROUPS 1 BUFFER_POOL DEFAULT FLASH_CACHE DEFAULT CELL_FLASH_CACHE DEFAULT)
  TABLESPACE "USERS"  ENABLE;
--------------------------------------------------------
--  Constraints for Table T_BILAN_RECOMMANDE
--------------------------------------------------------

  ALTER TABLE "RICARDO"."T_BILAN_RECOMMANDE" ADD PRIMARY KEY ("ID_BILAN_RECOMMANDE")
  USING INDEX PCTFREE 10 INITRANS 2 MAXTRANS 255 COMPUTE STATISTICS 
  STORAGE(INITIAL 65536 NEXT 1048576 MINEXTENTS 1 MAXEXTENTS 2147483645
  PCTINCREASE 0 FREELISTS 1 FREELIST GROUPS 1 BUFFER_POOL DEFAULT FLASH_CACHE DEFAULT CELL_FLASH_CACHE DEFAULT)
  TABLESPACE "USERS"  ENABLE;
--------------------------------------------------------
--  Constraints for Table T_MEDICAMENT
--------------------------------------------------------

  ALTER TABLE "RICARDO"."T_MEDICAMENT" MODIFY ("ID_MEDICAMENT" NOT NULL ENABLE);
 
  ALTER TABLE "RICARDO"."T_MEDICAMENT" ADD CONSTRAINT "T_MEDICAMENT_PK" PRIMARY KEY ("ID_MEDICAMENT")
  USING INDEX PCTFREE 10 INITRANS 2 MAXTRANS 255 COMPUTE STATISTICS 
  STORAGE(INITIAL 65536 NEXT 1048576 MINEXTENTS 1 MAXEXTENTS 2147483645
  PCTINCREASE 0 FREELISTS 1 FREELIST GROUPS 1 BUFFER_POOL DEFAULT FLASH_CACHE DEFAULT CELL_FLASH_CACHE DEFAULT)
  TABLESPACE "USERS"  ENABLE;
--------------------------------------------------------
--  Constraints for Table T_DOSSIER_MEDICAL
--------------------------------------------------------

  ALTER TABLE "RICARDO"."T_DOSSIER_MEDICAL" MODIFY ("ID_DOSSIER_MEDICAL" NOT NULL ENABLE);
 
  ALTER TABLE "RICARDO"."T_DOSSIER_MEDICAL" ADD PRIMARY KEY ("ID_DOSSIER_MEDICAL")
  USING INDEX PCTFREE 10 INITRANS 2 MAXTRANS 255 COMPUTE STATISTICS 
  STORAGE(INITIAL 65536 NEXT 1048576 MINEXTENTS 1 MAXEXTENTS 2147483645
  PCTINCREASE 0 FREELISTS 1 FREELIST GROUPS 1 BUFFER_POOL DEFAULT FLASH_CACHE DEFAULT CELL_FLASH_CACHE DEFAULT)
  TABLESPACE "USERS"  ENABLE;
--------------------------------------------------------
--  Constraints for Table T_CONSULTATION
--------------------------------------------------------

  ALTER TABLE "RICARDO"."T_CONSULTATION" MODIFY ("ID_CONSULTATION" NOT NULL ENABLE);
 
  ALTER TABLE "RICARDO"."T_CONSULTATION" ADD PRIMARY KEY ("ID_CONSULTATION")
  USING INDEX PCTFREE 10 INITRANS 2 MAXTRANS 255 COMPUTE STATISTICS 
  STORAGE(INITIAL 65536 NEXT 1048576 MINEXTENTS 1 MAXEXTENTS 2147483645
  PCTINCREASE 0 FREELISTS 1 FREELIST GROUPS 1 BUFFER_POOL DEFAULT FLASH_CACHE DEFAULT CELL_FLASH_CACHE DEFAULT)
  TABLESPACE "USERS"  ENABLE;
--------------------------------------------------------
--  Constraints for Table T_RDV
--------------------------------------------------------

  ALTER TABLE "RICARDO"."T_RDV" MODIFY ("ID_RDV" NOT NULL ENABLE);
 
  ALTER TABLE "RICARDO"."T_RDV" MODIFY ("ID_PATIENT" NOT NULL ENABLE);
 
  ALTER TABLE "RICARDO"."T_RDV" ADD PRIMARY KEY ("ID_RDV")
  USING INDEX PCTFREE 10 INITRANS 2 MAXTRANS 255 COMPUTE STATISTICS 
  STORAGE(INITIAL 65536 NEXT 1048576 MINEXTENTS 1 MAXEXTENTS 2147483645
  PCTINCREASE 0 FREELISTS 1 FREELIST GROUPS 1 BUFFER_POOL DEFAULT FLASH_CACHE DEFAULT CELL_FLASH_CACHE DEFAULT)
  TABLESPACE "USERS"  ENABLE;
--------------------------------------------------------
--  Ref Constraints for Table T_BILAN_RECOMMANDE
--------------------------------------------------------

  ALTER TABLE "RICARDO"."T_BILAN_RECOMMANDE" ADD CONSTRAINT "FK_OP" FOREIGN KEY ("ID_CONSULTATION")
	  REFERENCES "RICARDO"."T_CONSULTATION" ("ID_CONSULTATION") ON DELETE CASCADE ENABLE;
 
  ALTER TABLE "RICARDO"."T_BILAN_RECOMMANDE" ADD FOREIGN KEY ("ID_BILAN")
	  REFERENCES "RICARDO"."T_BILAN" ("ID_BILAN") ON DELETE CASCADE ENABLE;
--------------------------------------------------------
--  Ref Constraints for Table T_CONSULTATION
--------------------------------------------------------

  ALTER TABLE "RICARDO"."T_CONSULTATION" ADD FOREIGN KEY ("ID_MEDECIN")
	  REFERENCES "RICARDO"."T_MEDECIN" ("ID_MEDECIN") ON DELETE CASCADE ENABLE;
--------------------------------------------------------
--  Ref Constraints for Table T_DOSSIER_MEDICAL
--------------------------------------------------------

  ALTER TABLE "RICARDO"."T_DOSSIER_MEDICAL" ADD FOREIGN KEY ("ID_PATIENT")
	  REFERENCES "RICARDO"."T_PATIENT" ("ID_PATIENT") ON DELETE CASCADE ENABLE;
--------------------------------------------------------
--  Ref Constraints for Table T_LOGIN
--------------------------------------------------------

  ALTER TABLE "RICARDO"."T_LOGIN" ADD CONSTRAINT "T_LOGIN_FK1" FOREIGN KEY ("ID_PATIENT")
	  REFERENCES "RICARDO"."T_PATIENT" ("ID_PATIENT") ON DELETE CASCADE ENABLE;
--------------------------------------------------------
--  Ref Constraints for Table T_LOGINN
--------------------------------------------------------

  ALTER TABLE "RICARDO"."T_LOGINN" ADD FOREIGN KEY ("ID_MEDECIN")
	  REFERENCES "RICARDO"."T_MEDECIN" ("ID_MEDECIN") ON DELETE CASCADE ENABLE;
--------------------------------------------------------
--  Ref Constraints for Table T_MEDECIN
--------------------------------------------------------

  ALTER TABLE "RICARDO"."T_MEDECIN" ADD FOREIGN KEY ("ID_SPECIALITE")
	  REFERENCES "RICARDO"."T_SPECIALITE" ("ID_SPECIALITE") ON DELETE CASCADE ENABLE;
--------------------------------------------------------
--  Ref Constraints for Table T_MEDICAMENT_RECOMMANDE
--------------------------------------------------------

  ALTER TABLE "RICARDO"."T_MEDICAMENT_RECOMMANDE" ADD FOREIGN KEY ("ID_MEDICAMENT")
	  REFERENCES "RICARDO"."T_MEDICAMENT" ("ID_MEDICAMENT") ON DELETE CASCADE ENABLE;
 
  ALTER TABLE "RICARDO"."T_MEDICAMENT_RECOMMANDE" ADD FOREIGN KEY ("ID_POSOLOGIE")
	  REFERENCES "RICARDO"."T_POSOLOGIE" ("ID_POSOLOGIE") ON DELETE CASCADE ENABLE;
 
  ALTER TABLE "RICARDO"."T_MEDICAMENT_RECOMMANDE" ADD CONSTRAINT "T_MEDICAMENT_RECOMMANDE_FK1" FOREIGN KEY ("ID_CONSULTATION")
	  REFERENCES "RICARDO"."T_CONSULTATION" ("ID_CONSULTATION") ON DELETE CASCADE ENABLE;
--------------------------------------------------------
--  Ref Constraints for Table T_RDV
--------------------------------------------------------

  ALTER TABLE "RICARDO"."T_RDV" ADD FOREIGN KEY ("ID_MEDECIN")
	  REFERENCES "RICARDO"."T_MEDECIN" ("ID_MEDECIN") ON DELETE CASCADE ENABLE;
 
  ALTER TABLE "RICARDO"."T_RDV" ADD FOREIGN KEY ("ID_PATIENT")
	  REFERENCES "RICARDO"."T_PATIENT" ("ID_PATIENT") ON DELETE CASCADE ENABLE;
